"id";"question_text";"field";"category";"difficulty"
1;"What programming languages and frameworks are you most comfortable working with?";"Junior-Software-Engineer";"Technical";"Easy"
2;"How do you stay up-to-date with the latest industry trends and advancements in software development?";"Junior-Software-Engineer";"Technical";"Easy"
3;"Have you ever worked with a team of developers on a project? If so, can you describe your role and contribution to the project?";"Junior-Software-Engineer";"Behavioral";"Medium"
4;"What do you consider to be the most important aspects of writing maintainable and scalable code?";"Junior-Software-Engineer";"Technical";"Medium"
5;"How do you approach testing your code to ensure it meets quality standards?";"Junior-Software-Engineer";"Technical";"Medium"
6;"Can you explain the difference between a software bug and a software defect? How do you go about debugging and fixing them?";"Junior-Software-Engineer";"Technical";"Medium"
7;"Describe a time when you encountered an unexpected problem or challenge while working on a project. How did you resolve it?";"Junior-Software-Engineer";"Behavioral";"Medium"
8;"What is your experience with version control systems such as Git? How do you typically use Git in your development workflow?";"Junior-Software-Engineer";"Technical";"Easy"
9;"How do you handle constructive criticism or feedback on your code? Can you provide an example of when you received such feedback?";"Junior-Software-Engineer";"Behavioral";"Medium"
10;"Can you walk me through your approach to solving a complex programming problem that you've encountered in the past?";"Junior-Software-Engineer";"Behavioral";"Medium"
11;"Describe your experience working with different types of power systems, such as AC and DC.";"Electrical-Engineer";"Technical";"Medium"
12;"Have you ever worked with programmable logic controllers (PLCs)? If so, can you describe your experience and how you used them?";"Electrical-Engineer";"Technical";"Medium"
13;"Explain the purpose of a transformer in an electrical circuit.";"Electrical-Engineer";"Technical";"Easy"
14;"Describe your experience with circuit design and analysis tools, such as SPICE.";"Electrical-Engineer";"Technical";"Medium"
15;"Can you describe a time when you encountered a challenging electrical engineering problem and how you solved it?";"Electrical-Engineer";"Behavioral";"Medium"
16;"How do you stay up-to-date with advancements in electrical engineering?";"Electrical-Engineer";"Technical";"Easy"
17;"What is your experience with electrical safety standards, and how do you ensure compliance with them in your work?";"Electrical-Engineer";"Technical";"Medium"
18;"Can you describe your experience with designing and testing electrical circuits for reliability?";"Electrical-Engineer";"Technical";"Medium"
19;"How do you approach troubleshooting and diagnosing problems in electrical systems?";"Electrical-Engineer";"Technical";"Medium"
20;"Can you explain the concept of Ohm's law and how it is used in electrical engineering?";"Electrical-Engineer";"Technical";"Easy"
21;"Describe your experience with test automation frameworks such as Selenium, Appium, or Cypress.";"Junior-Automation-Engineer";"Technical";"Medium"
22;"Have you ever written automated tests for a web or mobile application? If so, can you describe your approach and the tools you used?";"Junior-Automation-Engineer";"Technical";"Medium"
23;"How do you ensure that automated tests are reliable and provide accurate results?";"Junior-Automation-Engineer";"Technical";"Medium"
24;"Can you describe your experience with continuous integration and continuous delivery (CI/CD) pipelines?";"Junior-Automation-Engineer";"Technical";"Medium"
25;"How do you approach testing for edge cases and unexpected scenarios in automated tests?";"Junior-Automation-Engineer";"Technical";"Medium"
26;"Describe a time when you encountered a difficult automation testing problem and how you approached and solved it.";"Junior-Automation-Engineer";"Behavioral";"Medium"
27;"What is your experience with programming languages such as Java or Python, and how do you use them in your automation testing work?";"Junior-Automation-Engineer";"Technical";"Medium"
28;"Can you explain the benefits and drawbacks of using cloud-based testing tools and services for automated testing?";"Junior-Automation-Engineer";"Technical";"Medium"
29;"How do you measure the success and effectiveness of automated testing in a project?";"Junior-Automation-Engineer";"Behavioral";"Medium"
30;"Can you explain the difference between manual and automated testing, and in what scenarios would you use each approach?";"Junior-Automation-Engineer";"Technical";"Medium"
31;"Can you explain the difference between 2D and 3D game development, and in what scenarios would you use each approach?";"Junior-Game-Developer";"Technical";"Easy"
32;"Describe your experience with game engines such as Unity or Unreal Engine.";"Junior-Game-Developer";"Technical";"Medium"
33;"How do you approach optimizing game performance, especially on lower-end hardware?";"Junior-Game-Developer";"Technical";"Medium"
34;"Have you ever worked with physics engines such as Box2D or PhysX? If so, can you describe your experience and how you used them in game development?";"Junior-Game-Developer";"Technical";"Medium"
35;"Can you explain the basics of artificial intelligence in game development, and how it can be used to enhance player experiences?";"Junior-Game-Developer";"Technical";"Medium"
36;"Describe your experience with implementing game mechanics, such as collision detection or game progression systems.";"Junior-Game-Developer";"Technical";"Medium"
37;"Can you explain the concept of shaders and how they are used in game development?";"Junior-Game-Developer";"Technical";"Medium"
38;"How do you approach designing and implementing user interfaces in games?";"Junior-Game-Developer";"Technical";"Medium"
39;"What are some of the most important aspects of game design that you consider when developing a new game?";"Junior-Game-Developer";"Behavioral";"Medium"
40;"What are some of the challenges you have faced in game development, and how have you overcome them?";"Junior-Game-Developer";"Behavioral";"Medium"
41;"How do you optimize web page performance, especially when it comes to loading speed and rendering time?";"Junior-Frontend-Developer";"Technical";"Medium"
42;"Can you explain the difference between responsive and adaptive design, and in what scenarios would you use each approach?";"Junior-Frontend-Developer";"Technical";"Medium"
43;"Describe your experience with React, Angular, or other front-end frameworks.";"Junior-Frontend-Developer";"Technical";"Medium"
44;"How do you approach debugging front-end code, especially when dealing with cross-browser compatibility issues?";"Junior-Frontend-Developer";"Technical";"Medium"
45;"Can you explain the difference between client-side and server-side rendering, and in what scenarios would you use each approach?";"Junior-Frontend-Developer";"Technical";"Medium"
46;"Describe your experience with CSS preprocessors such as Sass or Less, and how they can be used to simplify and streamline CSS development.";"Junior-Frontend-Developer";"Technical";"Medium"
47;"How do you ensure that web pages and applications are accessible to users with disabilities or special needs, and what tools or techniques do you use to achieve this?";"Junior-Frontend-Developer";"Technical";"Medium"
48;"Can you explain the difference between synchronous and asynchronous programming in JavaScript, and how it can affect web page performance?";"Junior-Frontend-Developer";"Technical";"Medium"
49;"Describe your experience with version control systems such as Git, and how you use them in your front-end development work.";"Junior-Frontend-Developer";"Technical";"Medium"
50;"Can you describe the box model in CSS and how it affects the layout of web pages?";"Junior-Frontend-Developer";"Technical";"Easy"
51;"Describe your experience with Java, Swift, or Kotlin, and how you have used these languages in mobile app development.";"Junior-Mobile-Development";"Technical";"Medium"
52;"How do you approach optimizing mobile app performance, especially when it comes to memory management and battery life?";"Junior-Mobile-Development";"Technical";"Medium"
53;"Can you explain the basics of mobile app user interface design, and how you approach designing interfaces that are both visually appealing and functional?";"Junior-Mobile-Development";"Technical";"Medium"
54;"Can you explain the basics of mobile app user interface design, and how you approach designing interfaces that are both visually appealing and functional?";"Junior-Mobile-Development";"Technical";"Medium"
55;"Can you explain the differences between local and remote data storage in mobile apps, and how you would choose between the two options?";"Junior-Mobile-Development";"Technical";"Medium"
56;"Describe your experience with using third-party APIs and SDKs in mobile app development, and how you ensure that the apps you build integrate with these tools in a secure and reliable way.";"Junior-Mobile-Development";"Technical";"Medium"
57;"How do you approach debugging mobile app code, especially when dealing with cross-platform compatibility issues?";"Junior-Mobile-Development";"Technical";"Medium"
58;"How do you approach debugging mobile app code, especially when dealing with cross-platform compatibility issues?";"Junior-Mobile-Development";"Technical";"Medium"
59;"Describe your experience with app store submission processes, and how you ensure that the apps you build meet the requirements for distribution on the Apple App Store or Google Play Store.";"Junior-Mobile-Development";"Technical";"Medium"
60;"Can you describe the differences between native, hybrid, and web mobile app development, and in what scenarios would you use each approach?";"Junior-Mobile-Development";"Technical";"Medium"
61;"Can you explain the difference between open-loop and closed-loop control, and in what scenarios would you use each approach?";"Junior-Control-Engineer";"Technical";"Medium"
62;"Describe your experience with programming languages such as MATLAB, Python, or C/C++, and how you have used these languages in control engineering projects.";"Junior-Control-Engineer";"Technical";"Medium"
63;"How do you approach tuning control systems, and what techniques or tools do you use to ensure that the systems are stable and responsive?";"Junior-Control-Engineer";"Technical";"Medium"
64;"Can you explain the difference between proportional, integral, and derivative (PID) control, and in what scenarios would you use each type of control?";"Junior-Control-Engineer";"Technical";"Medium"
65;"Describe your experience with using control engineering software such as Simulink or LabVIEW, and how you have leveraged these tools in your control engineering work.";"Junior-Control-Engineer";"Technical";"Medium"
66;"Can you explain the basics of control system modeling, and how you would go about modeling a physical system for control engineering purposes?";"Junior-Control-Engineer";"Technical";"Medium"
67;"Describe your experience with control system design, and how you ensure that the systems you design meet performance and stability requirements.";"Junior-Control-Engineer";"Technical";"Medium"
68;"How do you approach troubleshooting control systems, especially when dealing with issues related to hardware or software compatibility?";"Junior-Control-Engineer";"Technical";"Medium"
69;"Can you explain the difference between discrete and continuous control, and in what scenarios would you use each approach?";"Junior-Control-Engineer";"Technical";"Medium"
70;"What is feedback control, and how is it used in control engineering?";"Junior-Control-Engineer";"Technical";"Easy"
71;"What is an embedded system, and can you give an example of one that you have worked on?";"Junior-Embedded-Engineer";"Technical";"Easy"
72;"What programming languages are commonly used in embedded systems development, and which ones are you proficient in?";"Junior-Embedded-Engineer";"Technical";"Medium"
73;"Can you explain the role of microcontrollers in embedded systems, and what specific microcontrollers have you worked with?";"Junior-Embedded-Engineer";"Technical";"Medium"
74;"How do you ensure real-time performance in an embedded system, and what techniques or tools do you use for testing and debugging?";"Junior-Embedded-Engineer";"Technical";"Medium"
75;"Can you describe your experience with hardware interfacing in embedded systems, and how you have integrated different components or peripherals?";"Junior-Embedded-Engineer";"Technical";"Medium"
76;"What safety considerations should be taken into account when designing embedded systems for critical applications, and how have you addressed such considerations in your previous projects?";"Junior-Embedded-Engineer";"Technical";"Hard"
77;"Can you discuss your familiarity with communication protocols commonly used in embedded systems, such as UART, SPI, or I2C?";"Junior-Embedded-Engineer";"Technical";"Medium"
78;"Have you worked with any real-time operating systems (RTOS) for embedded systems development, and can you describe your experience with them?";"Junior-Embedded-Engineer";"Technical";"Medium"
79;"Can you provide an example of a challenging problem you faced while developing an embedded system, and how you approached and resolved it?";"Junior-Embedded-Engineer";"Behavioral";"Medium"
80;"What steps do you take to optimize the performance and efficiency of an embedded system, and can you provide an example of an optimization you implemented?";"Junior-Embedded-Engineer";"Technical";"Medium"
81;"Can you explain the basic principles of recruitment, and how you would go about identifying and attracting qualified candidates for a position?";"Junior-Human-Resources";"Behavioral";"Easy"
82;"What methods or strategies do you use to effectively screen and evaluate candidates during the hiring process?";"Junior-Human-Resources";"Behavioral";"Medium"
83;"How do you ensure compliance with employment laws and regulations when conducting recruitment and hiring activities?";"Junior-Human-Resources";"Behavioral";"Medium"
84;"Can you describe your experience with conducting interviews, and what specific techniques or approaches do you use to assess candidate fit?";"Junior-Human-Resources";"Technical";"Medium"
85;"How do you build and maintain positive relationships with employees throughout their tenure, and what strategies do you use to support employee engagement and satisfaction?";"Junior-Human-Resources";"Behavioral";"Medium"
86;"Can you provide an example of a challenging employee relations issue you have faced, and how you resolved it while maintaining a positive work environment?";"Junior-Human-Resources";"Behavioral";"Medium"
87;"What methods do you use to track and manage employee performance and development, and how do you provide constructive feedback to support employee growth?";"Junior-Human-Resources";"Behavioral";"Medium"
88;"Can you describe your experience with HRIS (Human Resources Information System) software, and how you have used it to streamline HR processes and data management?";"Junior-Human-Resources";"Technical";"Medium"
89;"How do you approach creating and implementing employee policies and procedures, and what factors do you consider to ensure they are fair and effective?";"Junior-Human-Resources";"Behavioral";"Medium"
90;"Can you provide an example of a time when you had to handle a confidential employee matter, and how you ensured privacy and confidentiality throughout the process?";"Junior-Human-Resources";"Behavioral";"Medium"
91;"Can you describe a time when you successfully managed a project from start to finish, and how you ensured that it was delivered on time and within budget?";"Junior-Project-Manager";"Behavioral";"Medium"
92;"How do you effectively prioritize tasks and allocate resources to meet project deadlines and deliverables?";"Junior-Project-Manager";"Behavioral";"Easy"
93;"Can you discuss your experience with project management methodologies such as Agile or Waterfall, and how you have applied them in your previous projects?";"Junior-Project-Manager";"Technical";"Medium"
94;"How do you identify and manage project risks, and what steps do you take to mitigate or address potential issues?";"Junior-Project-Manager";"Technical";"Medium"
95;"Can you describe your experience with stakeholder management and how you ensure effective communication and collaboration throughout a project?";"Junior-Project-Manager";"Behavioral";"Medium"
96;"How do you track and measure project progress, and what tools or techniques do you use to monitor and report project status to stakeholders?";"Junior-Project-Manager";"Technical";"Medium"
97;"Can you provide an example of a project where you had to adapt to changing requirements or unexpected challenges, and how you managed to successfully navigate those changes?";"Junior-Project-Manager";"Behavioral";"Medium"
98;"How do you ensure team cohesion and motivation throughout a project, especially when faced with tight deadlines or demanding stakeholders?";"Junior-Project-Manager";"Behavioral";"Medium"
99;"Can you describe your experience with project budgeting and cost management, and how you have ensured that projects stay within budget?";"Junior-Project-Manager";"Technical";"Medium"
100;"How do you handle conflicts or disagreements within a project team, and can you provide an example of a time when you successfully resolved a team conflict?";"Junior-Project-Manager";"Behavioral";"Medium"
101;"Can you walk me through the process you typically follow when creating content, from idea generation to publishing?";"Junior-Content-Creator";"Behavioral";"Medium"
102;"How do you conduct research and gather information to ensure the accuracy and relevance of your content?";"Junior-Content-Creator";"Behavioral";"Easy"
103;"Can you describe your experience with content planning and organization, and how you ensure consistency and coherence across different pieces of content?";"Junior-Content-Creator";"Behavioral";"Medium"
104;"How do you adapt your content to suit different target audiences or platforms, and can you provide an example of a time when you successfully tailored content for a specific audience?";"Junior-Content-Creator";"Behavioral";"Medium"
105;"Can you discuss your familiarity with SEO (Search Engine Optimization) principles and how you incorporate them into your content creation process?";"Junior-Content-Creator";"Technical";"Medium"
106;"How do you incorporate feedback and iterate on your content to improve its quality and effectiveness?";"Junior-Content-Creator";"Behavioral";"Easy"
107;"Can you provide examples of different types of content you have created, such as articles, blog posts, videos, or social media posts?";"Junior-Content-Creator";"Technical";"Medium"
108;"How do you stay updated on industry trends and developments, and how do you incorporate them into your content strategy?";"Junior-Content-Creator";"Behavioral";"Easy"
109;"Can you describe your experience with content promotion and distribution, and how you have used various channels to reach and engage with your target audience?";"Junior-Content-Creator";"Behavioral";"Medium"
110;"How do you measure the success and impact of your content, and what metrics or tools do you use to evaluate its performance?";"Junior-Content-Creator";"Technical";"Medium"
111;"Why did you choose accounting as a career, and what interests you most about this field?";"accountant";"Behavioral";"Easy"
112;"Can you explain the difference between cash accounting and accrual accounting, and when each method is used?";"accountant";"Technical";"Medium"
113;"How do you ensure accuracy and attention to detail in your work as an accountant?";"accountant";"Behavioral";"Easy"
114;"Can you describe your experience with financial statement analysis and how you have used it to assess the financial health of a company?";"accountant";"Technical";"Medium"
115;"How do you approach financial forecasting and budgeting, and what factors do you consider when creating budgets?";"accountant";"Technical";"Medium"
116;"Can you explain the concept of depreciation and how it is accounted for in financial statements?";"accountant";"Technical";"Medium"
117;"How do you ensure compliance with tax laws and regulations in your accounting practices?";"accountant";"Technical";"Medium"
118;"Can you discuss your experience with accounting software, such as QuickBooks or Excel, and how you have used them in your previous roles?";"accountant";"Technical";"Medium"
119;"How do you handle financial data and sensitive information with confidentiality and integrity?";"accountant";"Behavioral";"Easy"
120;"Can you provide an example of a challenging accounting problem you encountered, and how you approached and solved it?";"accountant";"Behavioral";"Medium"
121;"Why did you choose to pursue a career in this field, and what interests you most about it?";"non-technical";"Behavioral";"Easy"
122;"Can you describe a situation where you had to work collaboratively with a team to achieve a common goal?";"non-technical";"Behavioral";"Medium"
123;"How do you prioritize your tasks and manage your time effectively to meet deadlines?";"non-technical";"Behavioral";"Easy"
124;"Can you provide an example of a problem or challenge you faced in your previous role and how you resolved it?";"non-technical";"Behavioral";"Medium"
125;"How do you approach handling multiple projects or assignments simultaneously?";"non-technical";"Behavioral";"Easy"
126;"Can you describe a time when you had to adapt to changes in a work environment or job responsibilities?";"non-technical";"Behavioral";"Medium"
127;"How do you communicate effectively with colleagues, clients, or stakeholders in a professional setting?";"non-technical";"Behavioral";"Easy"
128;"Can you provide an example of a time when you had to deal with a difficult coworker or customer, and how you handled the situation?";"non-technical";"Behavioral";"Medium"
129;"How do you stay motivated and engaged in your work, especially during challenging or monotonous tasks?";"non-technical";"Behavioral";"Easy"
130;"Can you describe a situation where you had to demonstrate your problem-solving skills to overcome a work-related obstacle?";"non-technical";"Behavioral";"Medium"
131;"Describe a time when you had to handle a difficult situation with a coworker or team member. How did you approach it, and what was the outcome?";"non-technical";"Behavioral";"Medium"
132;"How do you manage work-life balance and prevent burnout in a demanding work environment?";"non-technical";"Behavioral";"Easy"
133;"Tell me about a time when you had to deal with conflicting priorities or tight deadlines. How did you handle it?";"non-technical";"Behavioral";"Medium"
134;"Describe a successful project you worked on outside of your job or academic studies. What was your role, and how did you contribute to its success?";"non-technical";"Behavioral";"Medium"
135;"How do you stay updated on industry trends and developments related to your field?";"non-technical";"Behavioral";"Easy"
136;"Tell me about a time when you had to make a decision without having all the necessary information. How did you approach it, and what was the result?";"non-technical";"Behavioral";"Medium"
137;"Describe a situation where you had to handle a dissatisfied customer or client. How did you address their concerns and ensure their satisfaction?";"non-technical";"Behavioral";"Medium"
138;"How do you stay organized and keep track of multiple tasks or projects?";"non-technical";"Behavioral";"Easy"
139;"Tell me about a time when you had to work under pressure or meet a tight deadline. How did you handle it?";"non-technical";"Behavioral";"Medium"
140;"Describe a situation where you had to negotiate a compromise or find a win-win solution. How did you approach the negotiation, and what was the outcome?";"non-technical";"Behavioral";"Medium"
141;"Hi, what's your name and what kind of experience do you have?";"Introductory";"Behavioral";"Easy"
142;"Can you introduce yourself by sharing your name and your professional background?";"Introductory";"Behavioral";"Easy"
143;"Hi there! Could you tell me your name and briefly talk about your past experience?";"Introductory";"Behavioral";"Easy"
144;"What's your name and what previous roles or positions have you held?";"Introductory";"Behavioral";"Easy"
145;"Hello! Can you provide your name and a summary of your work experience?";"Introductory";"Behavioral";"Easy"
146;"Hi, I'd like to know your name and the relevant experience you have! ";"Introductory";"Behavioral";"Easy"
147;"What's your name and what specific expertise or background do you have?";"Introductory";"Behavioral";"Easy"
148;"Hello there! Could you please introduce yourself with your name and past experience?";"Introductory";"Behavioral";"Easy"
149;"Hi there! Could you tell me your name and briefly talk about your past experience";"Introductory";"Behavioral";"Easy"
150;"What's your name, and what roles or industries have you worked in before?";"Introductory";"Behavioral";"Easy"
